<?xml version="1.0" encoding="UTF-8"?>
<project-private xmlns="http://www.netbeans.org/ns/project-private/1">
    <editor-bookmarks xmlns="http://www.netbeans.org/ns/editor-bookmarks/2" lastBookmarkId="0"/>
    <open-files xmlns="http://www.netbeans.org/ns/projectui-open-files/2">
        <group>
            <file>file:/C:/Users/MARIAJOSE/Documents/NetBeansProjects/WabiSabi/src/interfaz/EntradaOp.java</file>
            <file>file:/C:/Users/MARIAJOSE/Documents/NetBeansProjects/WabiSabi/src/interfaz/Interfaz.java</file>
            <file>file:/C:/Users/MARIAJOSE/Documents/NetBeansProjects/WabiSabi/src/Contabilidad/Cat1.java</file>
            <file>file:/C:/Users/MARIAJOSE/Documents/NetBeansProjects/WabiSabi/src/Contabilidad/Cuenta.java</file>
            <file>file:/C:/Users/MARIAJOSE/Documents/NetBeansProjects/WabiSabi/src/Contabilidad/Main.java</file>
            <file>file:/C:/Users/MARIAJOSE/Documents/NetBeansProjects/WabiSabi/src/Contabilidad/Clase.java</file>
            <file>file:/C:/Users/MARIAJOSE/Documents/NetBeansProjects/WabiSabi/src/Contabilidad/RegistroDia.java</file>
            <file>file:/C:/Users/MARIAJOSE/Documents/NetBeansProjects/WabiSabi/src/Contabilidad/Contabilidad.java</file>
            <file>file:/C:/Users/MARIAJOSE/Documents/NetBeansProjects/WabiSabi/src/interfaz/Entrada.java</file>
            <file>file:/C:/Users/MARIAJOSE/Documents/NetBeansProjects/WabiSabi/src/Contabilidad/RegistroMes.java</file>
            <file>file:/C:/Users/MARIAJOSE/Documents/NetBeansProjects/WabiSabi/src/interfaz/MostrarC.java</file>
            <file>file:/C:/Users/MARIAJOSE/Documents/NetBeansProjects/WabiSabi/src/interfaz/CuentasOp.java</file>
            <file>file:/C:/Users/MARIAJOSE/Documents/NetBeansProjects/WabiSabi/src/interfaz/TablaInt1.java</file>
            <file>file:/C:/Users/MARIAJOSE/Documents/NetBeansProjects/WabiSabi/src/Contabilidad/Registro1.java</file>
            <file>file:/C:/Users/MARIAJOSE/Documents/NetBeansProjects/WabiSabi/src/interfaz/GenerarOp.java</file>
            <file>file:/C:/Users/MARIAJOSE/Documents/NetBeansProjects/WabiSabi/src/interfaz/MofificarPanel.java</file>
            <file>file:/C:/Users/MARIAJOSE/Documents/NetBeansProjects/WabiSabi/src/interfaz/ContPrincipal.java</file>
            <file>file:/C:/Users/MARIAJOSE/Documents/NetBeansProjects/WabiSabi/src/interfaz/TercerosOp.java</file>
            <file>file:/C:/Users/MARIAJOSE/Documents/NetBeansProjects/WabiSabi/src/interfaz/MostrarBeneficiarios.java</file>
            <file>file:/C:/Users/MARIAJOSE/Documents/NetBeansProjects/WabiSabi/src/interfaz/AnadirTerceroPanel.java</file>
        </group>
    </open-files>
</project-private>
